"OldRelative","DestinationRelative","SHA256","HashMatch"
"04-从零部署到当前线上状态-完整实操教程.md","阶段一/文档/04-从零部署到当前线上状态-完整实操教程.md","888a323f5796cd9b5abed395e97c0ba55f8efe17904abc97dde330c7c69dc12a","True"
"05-Linux与Shell实战手册.md","阶段一/文档/05-Linux与Shell实战手册.md","e864268af0a54181cc7078f013389a71e94f5a94d52303e9923c28374299095b","True"
"06-Caddy配置与排障详解.md","阶段一/文档/06-Caddy配置与排障详解.md","2b32d14e2af77ec133d14c1e7f1d203ca6ef4009cd4d7ba257f8aa203032c15a","True"
"07-备份巡检与故障处理SOP.md","阶段二/文档/07-备份巡检与故障处理SOP.md","8e85234b8d875fa0ec27c6aea85353fd1c824037ba002984d58e4a16b12bdf01","True"
"08-Prometheus容器监控与企业实践.md","阶段三/文档/08-Prometheus容器监控与企业实践.md","c502747ca6dafc870f3382bc4ddaa7562029eb7335949ce77570b1f05bd1cc5a","True"
"09-生产级完善路线图与验收总表.md","总览/04-生产级完善路线图与验收总表.md","da23795b0b50d975da74cf14927ebc43f4955851b5658c840b85f9d0975b546e","True"
"故障记录/INC-008-注册入口关闭与管理员凭据确认.md","阶段一/问题记录/INC-008-注册入口关闭与管理员凭据确认.md","382f8cfd4cc87f72385164cc9dd95e1440503a92aeb2f3f52cc1bf66c538ec55","True"
"故障记录/INC-009-密码变更后旧会话触发误导性数据库错误页.md","阶段一/问题记录/INC-009-密码变更后旧会话触发误导性数据库错误页.md","1951a5859e926d596cf78798153b7d7f8b9a5efe283b5a9738d9316cb073f7b7","True"
"脚本/00-preflight.sh","阶段一/脚本/00-preflight.sh","f4c09d5bcdec4e897dd62f983a2bfdbd4e917dc47f079a5a25a84ffedbc0bc5b","True"
"脚本/01-verify-stage1.sh","阶段一/脚本/01-verify-stage1.sh","d8c2e61b749ad9fb060e6c56addf4c2d9a0e6fe8cb63394e70e107fc233e5930","True"
"脚本/02-collect-diagnostics.sh","阶段一/脚本/02-collect-diagnostics.sh","b46f939d95b99268911d3176c7b1673e5a55d5a5c95d19b1f52f648671354898","True"
"脚本/README.md","阶段一/脚本/README.md","9179fde67572674680ce439490cbaeaf263fd3104b3e52fec811c8c32a6369ad","True"
"阶段二/故障记录/INC-模板.md","阶段二/故障记录/INC-模板.md","bf9bf6c6c97cbd31ab64d2fb38553cea929cbb5d7f158b5aca163c5ef8f05602","True"
"阶段二/故障记录/INC-S2-001-SSH管理入口拒绝连接.md","阶段二/故障记录/INC-S2-001-SSH管理入口拒绝连接.md","bff718ad13a69edda676f88aebd7be5a20e871ef2ad0e44775bd1442dc749389","True"
"阶段二/故障记录/INC-S2-002-setupfirst无效单元残留.md","阶段二/故障记录/INC-S2-002-setupfirst无效单元残留.md","2182dd84e705db09ca828e2dd9637c2107de16b185e82c0c630435d6f1aead51","True"
"阶段二/故障记录/INC-S2-003-repass密码重置辅助单元失败.md","阶段二/故障记录/INC-S2-003-repass密码重置辅助单元失败.md","6801c809bb510c70618b7546105cc7ae10e4f652e8868cf124d2c4cb67eebf7b","True"
"阶段二/问题记录/ISSUE-S2-001-Windows-bash解析到不可用WSL.md","阶段二/问题记录/ISSUE-S2-001-Windows-bash解析到不可用WSL.md","87bbc1e00ec43cd9b07b7c5bcee0e1c145e16528d2bccfa883b5aa67bd886ed7","True"
"阶段二/问题记录/ISSUE-S2-002-保留测试夹具命名错误.md","阶段二/问题记录/ISSUE-S2-002-保留测试夹具命名错误.md","2369d42eef4e18f35ce6f94cc08b5cc5a26a969dabc0bb4178b801607e10b1d1","True"
"阶段二/问题记录/ISSUE-S2-003-终验采集误用认证端口8081.md","阶段二/问题记录/ISSUE-S2-003-终验采集误用认证端口8081.md","53a993e21203d1a7273af6f5728ff1fcd2d557b7d264b75f11259b664c334179","True"
"阶段二/问题记录/ISSUE-S2-004-Windows直连HTTP响应被重置.md","阶段二/问题记录/ISSUE-S2-004-Windows直连HTTP响应被重置.md","f44c1be55704919433d3434d98409ffbe75fe14f70ce3352d7055e41261f48e9","True"
"阶段二/异地备份/knowtrace-20260907T151359Z-74b93d1a.tar.gz.age.sha256","阶段二/异地备份/knowtrace-20260907T151359Z-74b93d1a.tar.gz.age.sha256","4883f123d917a8823eefd4c656638950fad00bc3060ee01585b213049eccf4e5","True"
"阶段二/异地备份/knowtrace-20260907T151359Z-74b93d1a.tar.gz.sha256","阶段二/异地备份/knowtrace-20260907T151359Z-74b93d1a.tar.gz.sha256","b976b293e1a8503bd5563858fc1f36d2be2dc24e366490c823f2d2e7311ead9f","True"
"阶段二/异地备份/README.md","阶段二/异地备份/README.md","0f6242d884f437e1840ee17bdca4a029ab8651241c7ef9e4e73555e0c44db3aa","True"
"阶段二/证据/2026-09-07-本地备份恢复演练.md","阶段二/证据/2026-09-07-本地备份恢复演练.md","92eb0540ffc49bbb28ea00cdf6e9b32b28878e3577f43d395852a4ff3fb65ee8","True"
"阶段二/证据/2026-09-07-本地脚本验证.md","阶段二/证据/2026-09-07-本地脚本验证.md","7dc87e1dfea5ffb0d9bcd197457d6c8d67f25f2f179b8db7224755138c9318e8","True"
"阶段二/证据/2026-09-07-SSH与HTTPS复测.md","阶段二/证据/2026-09-07-SSH与HTTPS复测.md","0668d14a59bbaf74e3bb42188afb0a6c3cb11d83a634c63a3afb60fdd0551321","True"
"阶段二/证据/2026-09-08-版本发布与受控重启.md","阶段二/证据/2026-09-08-版本发布与受控重启.md","663ede7982d332f00da302bffa71f9a99a78594d3be9ea3e918861f9614abbff","True"
"阶段二/证据/2026-09-08-压测与资源证据.md","阶段二/证据/2026-09-08-压测与资源证据.md","5d7056fb6f69d2105605824adfe9c161fe90d5da6d8a4d810251ab6a4f6d51d0","True"
"阶段二/证据/2026-09-08-VPS真实备份与恢复.md","阶段二/证据/2026-09-08-VPS真实备份与恢复.md","3b78a1847c4653d005711eab3accdc330ff25f6e38177bb106d2aaffd37be5dc","True"
"阶段二/Bug记录/BUG-模板.md","阶段二/Bug记录/BUG-模板.md","36e7606dcd7719251ce7c4db0622bb099912cbb2abe6e71f7e17e5f8a62064a5","True"
"阶段二/Bug记录/BUG-S2-001-Redis-BGSAVE完成判定竞态.md","阶段二/Bug记录/BUG-S2-001-Redis-BGSAVE完成判定竞态.md","349a727de190ec11f49f9b107f60121c0d6763b6fd6840378c24a27e6fadf5c0","True"
"阶段二/Bug记录/BUG-S2-002-MySQL恢复就绪误判.md","阶段二/Bug记录/BUG-S2-002-MySQL恢复就绪误判.md","f186d419bf0c42fbda40758fc23c5832a9690f2ef8cc397e575692ed2689ee99","True"
"阶段二/Bug记录/BUG-S2-003-MySQL表统计漏项.md","阶段二/Bug记录/BUG-S2-003-MySQL表统计漏项.md","7e1016cf4e11344c6ef34dfd7b02a32acd5fbde1dbfc6dc431fa780034f9cfb0","True"
"阶段二/Bug记录/BUG-S2-004-Docker-cp无法导出tmpfs-RDB.md","阶段二/Bug记录/BUG-S2-004-Docker-cp无法导出tmpfs-RDB.md","69379daeda13dc7d90c5078278f55d1b358b337973fe5a3ff37eeaba0b70618f","True"
"阶段二/Bug记录/BUG-S2-005-Python默认CA导致公网压测TLS失败.md","阶段二/Bug记录/BUG-S2-005-Python默认CA导致公网压测TLS失败.md","579a55b09c8a5a93f2e79652cb59eff2013b52f7c57b8a75b44bed05426de309","True"
"阶段二/README.md","阶段二/文档/README-D盘旧版阶段二交付.md","4c45642d4ba9156352bdb2a4ffe4da11e3bd86650634cc475a45460901a9a4a5","True"
"阶段二/SOP/01-阶段二执行清单.md","阶段二/SOP/01-阶段二执行清单.md","954dbd834bc8a5994ab789f5ff89f92e6cf8301a69b046b3f39aadaa2eabf929","True"
"阶段三/02-日志位置与查询.md","阶段三/文档/02-日志位置与查询.md","7c9f35f42c6faa11420f664b294c697bd0e5c2c880d277f61bf8447e6fc4f8a5","True"
"阶段三/待办/SMTP邮件告警待验收.md","阶段三/待办/SMTP邮件告警待验收.md","527bcde5e28706a6f4ed561b3dd545debd379989973e168f395212e6109a84cb","True"
"阶段三/故障记录/INC-S3-001-Blackbox-Exporter停止告警演练.md","阶段三/故障记录/INC-S3-001-Blackbox-Exporter停止告警演练.md","4d1efff70aa7425705c9c48ef0608b399e8af678cb524c859188fce07df35cd0","True"
"阶段三/问题记录/ISSUE-S3-001-Vitest无法直接加载server-only.md","阶段三/问题记录/ISSUE-S3-001-Vitest无法直接加载server-only.md","44131eea70ab3f26315e132467177bb022edf5a744ea878e79ef97a88889f54a","True"
"阶段三/问题记录/ISSUE-S3-002-Prometheus只读父挂载与嵌套Secret冲突.md","阶段三/问题记录/ISSUE-S3-002-Prometheus只读父挂载与嵌套Secret冲突.md","842650014b96a9ae4fc6445e69cd3f0995d76600d2ea475ea62b98dcc75e8a7b","True"
"阶段三/问题记录/ISSUE-S3-003-Python响应头大小写导致误判.md","阶段三/问题记录/ISSUE-S3-003-Python响应头大小写导致误判.md","e0f4f871db8da4c1e0f6c7a4861b2b14ca552f03abc97e2eaebd1b316f034083","True"
"阶段三/问题记录/ISSUE-S3-004-Docker29仅internal网络不发布端口.md","阶段三/问题记录/ISSUE-S3-004-Docker29仅internal网络不发布端口.md","36aa5feaef04715b2e881ec5708174dd9f2f5d1973f4227b5115ec3c1f77595a","True"
"阶段三/问题记录/ISSUE-S3-005-Kibana-384MiB堆耗尽.md","阶段三/问题记录/ISSUE-S3-005-Kibana-384MiB堆耗尽.md","f6b97eb436b698a88ef0f00c90fa3ab7437c7a3890a4e3c6f1923e78a9867346","True"
"阶段三/问题记录/ISSUE-S3-006-ECS-source字段映射冲突.md","阶段三/问题记录/ISSUE-S3-006-ECS-source字段映射冲突.md","bdfbd5be11dc0d44293f896ea983ced59228deb74778ce31b145fbd6ae7463f6","True"
"阶段三/问题记录/ISSUE-S3-007-ELK默认停止超时导致137.md","阶段三/问题记录/ISSUE-S3-007-ELK默认停止超时导致137.md","bf4b05e3ea90592c86d87712523a498c523a07ef73759a8b56392a48c123e640","True"
"阶段三/问题记录/ISSUE-S3-008-Windows代理链导致TLS握手误判.md","阶段三/问题记录/ISSUE-S3-008-Windows代理链导致TLS握手误判.md","c4cd26d98035bcce000f5aefede6236c24286aaffd5a2a04310089e3448b8df6","True"
"阶段三/问题记录/ISSUE-S3-009-UFW保留未监听22端口放行.md","阶段三/问题记录/ISSUE-S3-009-UFW保留未监听22端口放行.md","e54bb943df67d86ea1600fbdc788bb0638f9b0248a1fb2d44bf8517f21f27d0e","True"
"阶段三/问题记录/ISSUE-S3-010-163端口465与Alertmanager-TLS语义冲突.md","阶段三/问题记录/ISSUE-S3-010-163端口465与Alertmanager-TLS语义冲突.md","338387f7fe5af77e4b54b95f88e29574c53e1324b217f11bc40af2401bb6c2d0","True"
"阶段三/问题记录/ISSUE-S3-011-客户端验收命令误用造成假失败.md","阶段三/问题记录/ISSUE-S3-011-客户端验收命令误用造成假失败.md","ea7db72cefc5823a8ad159f925d15b79e9e864162a2e08c1676b858ff9e965f0","True"
"阶段三/问题记录/README.md","阶段三/问题记录/README.md","3c490a3e0e95b12eff3f07cf645b3c2c1d413520826eeea3af51177430c7fa03","True"
"阶段三/证据/2026-09-08-公网HTTPS与最终状态.md","阶段三/证据/2026-09-08-公网HTTPS与最终状态.md","ff589d2366b3f57d9b8e276157c44d1c75a29e7eef33848015e1363bc87c7e05","True"
"阶段三/证据/2026-09-08-核心监控部署与验收.md","阶段三/证据/2026-09-08-核心监控部署与验收.md","ef0006015f224d5e3b93f0b9829ae6e6b8459039452cc27623d5de7c02cffea8","True"
"阶段三/证据/2026-09-08-Blackbox告警故障演练.md","阶段三/证据/2026-09-08-Blackbox告警故障演练.md","56a7a382b22381461e085009caf1035a8a307af335002f4205976eeec3f1a3c1","True"
"阶段三/证据/2026-09-08-ELK端到端与资源证据.md","阶段三/证据/2026-09-08-ELK端到端与资源证据.md","7ff7147bcab4ebeb1b55605f527afedb8f4ae993d23a236ec584539bc8489db2","True"
"阶段三/README.md","阶段三/文档/README-D盘旧版阶段三交付.md","aa2e8c6611fc7e50f0fd9d5d1c5246611a9d2c1e9f0e1618652c57155333d8a4","True"
"阶段三/SOP/01-阶段三执行清单.md","阶段三/SOP/01-阶段三执行清单.md","2f67ef75e269fbc4119d9aca264a1b0f5d995a5e9f8a284d296ef2d1f14fad13","True"
"证据/生产级验收证据清单.md","总览/05-生产级验收证据清单.md","5051faf8ebf6e8dc692dfb3ef52b21fbc73956bbf1a60421c0b4b48181850df5","True"
